7365.0;542.0;453.0;es;14.0;"La Plata, Argentina";29B0C2;FFFFFF;"Buenos Aires";2863.0
2350.0;285.0;410.0;en;6.0;"Northern Virginia";0099CC;FFF8AD;Quito;3009.0
850.0;139.0;527.0;en;21.0;"North Carolina";0099B9;5ED4DC;Quito;2524.0
3256.0;129.0;98.0;en;1.0;"Rochdale, England";1DA1F2;C0DEED;London;1987.0
63104.0;535.0;205.0;en;16.0;ct;246833.0;0.0;"Eastern Time (US & Canada)";719.0
525.0;196.0;307.0;en;3.0;Newcastle;CC3366;DBE9ED;Amsterdam;3027.0
97.0;363.0;347.0;en;52.0;"Chester, UK";9266CC;0.0;London;1931.0
11479.0;386.0;667.0;en;3.0;"clouds higghhh ass fuhhhh";1DA1F2;C0DEED;"Pacific Time (US & Canada)";2022.0
53753.0;3039.0;126.0;fr;57.0;France;CAAFCC;FFFFFF;Athens;1639.0
192.0;438.0;167.0;fr;4.0;"Paris, Ile-de-France";1DA1F2;C0DEED;"Central Time (US & Canada)";1710.0
1275.0;149.0;352.0;en;1.0;Doncaster;CE7834;F0A830;London;3036.0
6556.0;684.0;280.0;en;3.0;"Kuala Lumpur";0084B4;FFFFFF;Beijing;1412.0
12.0;236792.0;772.0;es;705.0;"Rosario, Argentina";0084B4;C0DEED;"Buenos Aires";2496.0
2585.0;2073.0;345.0;pt;23.0;"jaguartiricas stan";AD9C1C;0.0;"Atlantic Time (Canada)";813.0
25.0;2022.0;4053.0;en;9.0;"Liverpool, England";1DA1F2;C0DEED;London;782.0
9934.0;503.0;464.0;en;6.0;"Lemoore, CA";D02B55;829D5E;"Eastern Time (US & Canada)";1971.0
267.0;24049.0;1.0;en;195.0;"Los Angeles";1DA1F2;C0DEED;"Pacific Time (US & Canada)";1155.0
9795.0;1024.0;652.0;pt;7.0;"Penafiel, Portugal";1DA1F2;C0DEED;"Pacific Time (US & Canada)";936.0
38001.0;2672.0;1426.0;en;207.0;"North Pennines near Erewhon";0084B4;C0DEED;Edinburgh;3034.0
11753.0;737.0;1466.0;en;25.0;"Darwen, Lancashire";FF0000;65B0DA;London;2996.0
4714.0;704.0;404.0;en;27.0;NJ/NYC;0099B9;5ED4DC;"Eastern Time (US & Canada)";2302.0
5537.0;481.0;1079.0;es;18.0;" Danmark";0084B4;C0DEED;Copenhagen;2669.0
97.0;159.0;206.0;en;5.0;England;FF0000;65B0DA;London;2991.0
3644.0;7547.0;145.0;en-gb;35.0;Bangkok;94D487;0.0;"Pacific Time (US & Canada)";1314.0
6.0;6199.0;5852.0;es;284.0;"Quito, Ecuador";0084B4;FFFFFF;Caracas;2801.0
18259.0;687.0;373.0;en;35.0;England;1DA1F2;C0DEED;"Pacific Time (US & Canada)";542.0
1236.0;13552.0;13104.0;en;47.0;Worldwide;DD2E44;0.0;London;936.0
30908.0;385.0;231.0;en-gb;6.0;"X Mansion";ABB8C2;FFFFFF;London;1356.0
9846.0;409.0;849.0;fr;16.0;"fougeres 35";9999.0;EEEEEE;Amsterdam;2178.0
316.0;608.0;732.0;en;19.0;"Beautiful Derbyshire.";9999.0;EEEEEE;Hawaii;3056.0
16392.0;35885.0;19072.0;en;45.0;"Edinburgh, Scotland";9999.0;EEEEEE;London;2951.0
15776.0;25580.0;28283.0;en;1375.0;"Bluegrass State";1DA1F2;C0DEED;"Pacific Time (US & Canada)";1008.0
103079.0;2602.0;2990.0;fr;48.0;"221b baker street";0084B4;FFFFFF;Athens;1426.0
32172.0;453.0;92.0;pt;2.0;"Honeymoon ãve. ";F58EA8;0.0;"Pacific Time (US & Canada)";574.0
1608.0;2209.0;1838.0;en;19.0;"Iraq, Erbil,Mosul";1DA1F2;C0DEED;Baghdad;318.0
212.0;388.0;89.0;en;4.0;Poland;1DA1F2;C0DEED;Warsaw;1940.0
736.0;148183.0;12096.0;en;4083.0;Global;D91515;FFFFFF;"Eastern Time (US & Canada)";3000.0
4714.0;704.0;404.0;en;27.0;NJ/NYC;0099B9;5ED4DC;"Eastern Time (US & Canada)";2302.0
120.0;89.0;247.0;en;3.0;"Abuja, Nigeria. ";1DA1F2;C0DEED;Alaska;2005.0
23217.0;938.0;296.0;fr;11.0;"Alycia DC / Lindsey M ";1DA1F2;C0DEED;"Pacific Time (US & Canada)";1211.0
207.0;20394.0;4759.0;en;7.0;"Aiken, SC";ABB8C2;0.0;"Eastern Time (US & Canada)";73.0
5.0;8424.0;6466.0;en;917.0;"United Kingdom";0.0;0.0;"Pacific Time (US & Canada)";423.0
20869.0;1959.0;3691.0;en;17.0;"United States";0099B9;5ED4DC;"Pacific Time (US & Canada)";1562.0
8047.0;864.0;517.0;en;13.0;"London, England";1DA1F2;C0DEED;London;258.0
1.0;385.0;791.0;es;6.0;"Rimac, Peru";FAB81E;0.0;"Pacific Time (US & Canada)";820.0
425.0;816.0;1007.0;en;73.0;"Wash-DC-Mexico City-Phoenix";1B95E0;0.0;"Pacific Time (US & Canada)";1997.0
16731.0;343.0;27.0;en;7.0;"To be decided";1B95E0;0.0;London;927.0
1129.0;1088.0;890.0;en;25.0;manchester;4A913C;0.0;London;3063.0
3566.0;869.0;313.0;en;2.0;"Malaysia ";263F70;0.0;"Kuala Lumpur";2115.0
57703.0;7308.0;7104.0;en;169.0;"Jerusalem & Vancouver ";0099B9;FFFFFF;"Pacific Time (US & Canada)";2570.0
452.0;1156.0;527.0;en;4.0;"CHELSEA FC";1100FF;0.0;Jakarta;2660.0
3196.0;2327.0;1674.0;en;148.0;"Austin, TX";9D582E;FFFFFF;"Central Time (US & Canada)";2586.0
38241.0;1010.0;566.0;es;33.0;"Barcelona, España";2FC2EF;181A1E;Amsterdam;1664.0
7903.0;1025.0;1282.0;en-gb;4.0;"Glasgow ";1B95E0;0.0;"Pacific Time (US & Canada)";1207.0
2438.0;492.0;844.0;en;0.0;"Budapest Toronto NY LA Tokyo";1DA1F2;C0DEED;Hawaii;1650.0
33.0;276.0;85.0;id;5.0;"Sumatera Selatan, Indonesia";0099B9;5ED4DC;"Pacific Time (US & Canada)";2577.0
1476.0;2087.0;1998.0;en;59.0;"Newcastle Upon Tyne, England";8C001A;0.0;London;2547.0
22.0;4445.0;907.0;en;1241.0;USA;CE0000;0.0;"Eastern Time (US & Canada)";2725.0
32845.0;4535.0;5001.0;en;84.0;Massachusetts;1DA1F2;C0DEED;Quito;2930.0
109148.0;12929.0;14095.0;en;4395.0;"Berlin, Germany";006BB3;BDDCAD;Berlin;3387.0
154.0;438.0;697.0;id;1.0;"Bogor ,indonesia";9999.0;FFFFFF;Jakarta;2519.0
327.0;1956.0;1945.0;en;48.0;"Pendle, Lancashire";1B00B3;0.0;London;2973.0
18436.0;759.0;1029.0;en;81.0;"Massachusetts, USA";4A913C;0.0;"Eastern Time (US & Canada)";637.0
20459.0;1307.0;888.0;en;5.0;"manchester ";0084B4;FFFFFF;Amsterdam;2180.0
58785.0;449.0;85.0;nl;91.0;NL-Overbetuwe;B81500;5ED4DC;Amsterdam;2631.0
4715.0;704.0;404.0;en;27.0;NJ/NYC;0099B9;5ED4DC;"Eastern Time (US & Canada)";2302.0
2731.0;801.0;869.0;es;6.0;"Buenos Aires,Argentina";0099B9;FFFFFF;"Buenos Aires";2437.0
4468.0;1139.0;2416.0;en;59.0;"Manchester, UK";DD2E44;FFFFFF;London;2544.0
590.0;79.0;165.0;nl;2.0;"Noordoostpolder, Nederland";1DA1F2;C0DEED;"Pacific Time (US & Canada)";89.0
0.0;61.0;28.0;en;1.0;Abuja,Nigeria;4A913C;0.0;Arizona;2736.0
113.0;656.0;377.0;en;1.0;Ryleh;C71818;FFFFFF;Monterrey;1959.0
371.0;1832.0;1928.0;nl;65.0;"Baarlo (lb), Netherlands";0084B4;C0DEED;Amsterdam;2419.0
30.0;196.0;620.0;es;1.0;"Albacete, Castilla-La Mancha";19CF86;0.0;Madrid;1234.0
256.0;266.0;173.0;id;3.0;"DKI Jakarta, Indonesia";1DA1F2;C0DEED;"Pacific Time (US & Canada)";486.0
407.0;113.0;278.0;es;8.0;España;DD2E05;FFFFFF;Madrid;2516.0
4813.0;313.0;248.0;en;1.0;Scotland;990000.0;FFFFFF;Casablanca;2078.0
11558.0;1675.0;789.0;en;3.0;Manchester;3e+94;FFFFFF;Amsterdam;2110.0
18624.0;392.0;560.0;it;76.0;"ROMA ";F58EA8;0.0;"Pacific Time (US & Canada)";444.0
402.0;366.0;800.0;es;8.0;Venezuela;131516.0;0.0;Santiago;2634.0
81.0;1668.0;77.0;en;6.0;Texas;38543.0;EEEEEE;"Pacific Time (US & Canada)";1872.0
124614.0;1267.0;445.0;en;167.0;"Oxfordshire ";1DA1F2;C0DEED;London;529.0
25382.0;311.0;188.0;en;13.0;Cincy;2FC2EF;181A1E;"Atlantic Time (Canada)";2848.0
6409.0;1337.0;2344.0;fr;14.0;"Strasbourg, Alsace";F076DA;FFFFFF;Paris;2303.0
120.0;84.0;158.0;en;19.0;"Aotearoa Land o te first light";0084B4;FFFFFF;Auckland;1835.0
11461.0;1022.0;816.0;en;4.0;Dundee;1DA1F2;C0DEED;Amsterdam;2766.0
4750.0;445.0;527.0;en;3.0;"Roc Nation Athlete ";1DA1F2;C0DEED;"Eastern Time (US & Canada)";1633.0
32433.0;432.0;1681.0;en;0.0;"Scotland, United Kingdom";ABB8C2;0.0;"Pacific Time (US & Canada)";1630.0
520.0;197.0;385.0;en;24.0;UK-Spain-France;1DA1F2;C0DEED;London;2272.0
4717.0;704.0;404.0;en;27.0;NJ/NYC;0099B9;5ED4DC;"Eastern Time (US & Canada)";2302.0
940.0;623.0;1269.0;sv;13.0;"Vår herres hage";1DA1F2;C0DEED;"Pacific Time (US & Canada)";821.0
125370.0;14764.0;4828.0;en;53.0;"Somewhere in the Universe";3B94D9;FFFFFF;London;2101.0
84026.0;5279.0;5790.0;en-gb;46.0;manchester;FFFFFF;0.0;London;1159.0
1949.0;81.0;367.0;en;8.0;"Eastleigh. Southampton";1DA1F2;C0DEED;London;1802.0
10.0;142.0;26.0;en;36.0;"United Kingdom";1B95E0;0.0;"Pacific Time (US & Canada)";367.0
292.0;326.0;244.0;en;0.0;"Leeds, England";1DA1F2;C0DEED;"Pacific Time (US & Canada)";90.0
5531.0;541.0;978.0;en;25.0;"Retford, Notts";FF0000;FFFFFF;London;1943.0
15376.0;12962.0;15122.0;en;108.0;Sydney;1DA1F2;C0DEED;"Pacific Time (US & Canada)";1147.0
3100.0;129.0;145.0;en;7.0;Comfort,NC;1DA1F2;C0DEED;"Eastern Time (US & Canada)";864.0
297.0;89.0;251.0;en;3.0;London;1DA1F2;C0DEED;London;2160.0
15821.0;258.0;375.0;en;38.0;LONDON;1DA1F2;C0DEED;Amsterdam;1951.0
37419.0;3174.0;4736.0;en;288.0;"Humanitarian / Mystic";E81C4F;0.0;"Pacific Time (US & Canada)";1605.0
15646.0;20721.0;23500.0;en;172.0;" Pennsylvania";1DA1F2;C0DEED;"Mountain Time (US & Canada)";1022.0
2154.0;348.0;504.0;en;5.0;"Toronto, Ontario";FA0000;0.0;"Central Time (US & Canada)";1889.0
4460.0;126.0;200.0;en-gb;3.0;"London near WALES";1B95E0;0.0;London;474.0
1062.0;6626.0;5493.0;de;563.0;Nordrhein-Westfalen;FF3300;86A4A6;Brussels;2917.0
49194.0;1320.0;1485.0;en;21.0;"exist ";161717.0;FFFFFF;Alaska;2701.0
2438.0;492.0;844.0;en;0.0;"Budapest Toronto NY LA Tokyo";1DA1F2;C0DEED;Hawaii;1650.0
34406.0;2752.0;721.0;en;44.0;"no twhingers!";1DA1F2;C0DEED;Edinburgh;2369.0
3574.0;352.0;510.0;en;6.0;Liverpool-UK;9C2E58;FFFFFF;London;2645.0
64.0;192.0;83.0;en;39.0;"Washington, DC";9999.0;EEEEEE;"Eastern Time (US & Canada)";1327.0
4091.0;814.0;845.0;en;2.0;Doire,Ireland;0084B4;0.0;London;2884.0
485.0;586.0;334.0;en;3.0;everywhere;0.0;FFFFFF;"Kuala Lumpur";1890.0
505.0;200.0;329.0;en;9.0;Kansas;0040FF;0.0;"Central Time (US & Canada)";2650.0
4718.0;704.0;404.0;en;27.0;NJ/NYC;0099B9;5ED4DC;"Eastern Time (US & Canada)";2302.0
991.0;1683.0;2139.0;en;12.0;"Croydon/Isle of Wight";0.0;FFFFFF;Amsterdam;1721.0
785.0;77.0;48.0;en;4.0;"Somalistan ";1DA1F2;C0DEED;GMT;581.0
54486.0;1802.0;1661.0;en;64.0;"Constellation of Kasterborous";4D0606;FFFFFF;London;3026.0
1096.0;355.0;1242.0;en;6.0;"Strood, Kent, ENGLAND ";4A2C03;50505.0;London;2717.0
2839.0;3632.0;907.0;en;17.0;"justin,cody,frankie follows";B650FA;FFFFFF;Jakarta;1408.0
524.0;1429.0;829.0;en;25.0;"Katsina, Nigeria";FFCC4D;FFF8AD;Berlin;2304.0
20233.0;2479.0;4080.0;en;25.0;"Albuquerque, NM";9999.0;FFFFFF;"Mountain Time (US & Canada)";2272.0
15931.0;3029.0;988.0;en;100.0;"United Kingdom";FF0000;FFFFFF;Amsterdam;2993.0
11250.0;20630.0;2651.0;pt;27.0;"DEMI LOVATO";E81C4F;0.0;Mid-Atlantic;2145.0
1306.0;811.0;213.0;en;47.0;"England, United Kingdom";1DA1F2;C0DEED;"Pacific Time (US & Canada)";638.0
259.0;140.0;122.0;en;14.0;England;0084B4;C0DEED;London;2554.0
51956.0;2585.0;1500.0;en;49.0;"Selena - Zara - Zayn - Charlie";1DA1F2;C0DEED;Casablanca;1288.0
54954.0;2721.0;5000.0;en;39.0;"all over the web";FF0000;F2E195;"Central Time (US & Canada)";2029.0
1226.0;454.0;307.0;en;3.0;〽️;E81C4F;FFFFFF;"Central Time (US & Canada)";2321.0
15587.0;4038.0;2406.0;pt;33.0;"1# stan Malum. miranda follows";981CEB;0.0;Brasilia;849.0
4719.0;704.0;404.0;en;27.0;NJ/NYC;0099B9;5ED4DC;"Eastern Time (US & Canada)";2302.0
0.0;6.0;23.0;pt;2.0;sp;ABB8C2;0.0;Santiago;1008.0
1742.0;4910.0;3677.0;en;91.0;"Hemel Hempstead Hertfordshire";0084B4;FFFFFF;Casablanca;2821.0
1896.0;380.0;329.0;en;1.0;Leeds;1DA1F2;C0DEED;Amsterdam;1998.0
177.0;2470.0;448.0;en-gb;135.0;London;3B94D9;C0DEED;London;1410.0
39040.0;2204.0;1672.0;it;12.0;Roma;7DFAD6;FFFFFF;Rome;2233.0
13306.0;4524.0;404.0;en;10.0;"Metin Oktay";FF0000;FFFFFF;Quito;2292.0
10449.0;178.0;171.0;es;10.0;Galiza;1B95E0;FFFFFF;Madrid;1874.0
9337.0;12058.0;11258.0;en;45.0;"Cork, Ireland";0084B4;FFFFFF;Casablanca;1946.0
15953.0;1417.0;1528.0;it;4.0;Italia;110000.0;0.0;Ljubljana;904.0
8327.0;1125.0;368.0;en;175.0;"Toronto Mostly";660066.0;0.0;"Eastern Time (US & Canada)";1706.0
1060.0;11043.0;9631.0;nl;128.0;s-Gravenhage;E64017;FFFFFF;Amsterdam;2082.0
616.0;338.0;222.0;en;28.0;Manchester;6D7A51;FFFFFF;London;2274.0
521.0;640.0;296.0;en;9.0;"London, England";0.0;C0DEED;London;2105.0
16451.0;494.0;435.0;en;17.0;"Salford, England";ABB8C2;FFFFFF;London;2105.0
133.0;3053.0;2471.0;es;387.0;"Bay Harbor Islands,  Florida";225C9B;FFFFFF;"Eastern Time (US & Canada)";2820.0
27.0;230.0;414.0;en;32.0;India;4A913C;0.0;Hawaii;1984.0
10438.0;513.0;403.0;fr;21.0;"mars sinon quelle ville";E81C4F;0.0;"Pacific Time (US & Canada)";733.0
608.0;1478.0;2017.0;en;79.0;"Croydon, Surrey, UK";990000.0;DFDFDF;Casablanca;2930.0
3.0;65.0;88.0;tr;0.0;"Ünye, Türkiye";0084B4;BDDCAD;Athens;1953.0
32871.0;2653.0;196.0;fr;48.0;59.0;94D487;0.0;Amsterdam;1680.0
8.0;455.0;436.0;id;8.0;"Gunung Putri, Indonesia";1DA1F2;C0DEED;Jakarta;1688.0
7078.0;5010.0;718.0;es;99.0;Spain;1DA1F2;C0DEED;Madrid;2886.0
4253.0;1105.0;916.0;en;27.0;"Kampala, Uganda";1DA1F2;C0DEED;Nairobi;1947.0
4721.0;704.0;404.0;en;27.0;NJ/NYC;0099B9;5ED4DC;"Eastern Time (US & Canada)";2302.0
0.0;240.0;143.0;en;5.0;Worldwide;0099B9;FFFFFF;Athens;1647.0
1836.0;956.0;434.0;en;4.0;"Glasgow, Scotland";0.0;FFFFFF;Edinburgh;2147.0
2357.0;12000.0;8691.0;en;1025.0;"iPhone: 0.000000,0.000000";7F0247;FFABDC;"Eastern Time (US & Canada)";2914.0
12142.0;391.0;1259.0;pt;2.0;Brasil;0084B4;FFFFFF;Brasilia;2332.0
0.0;966.0;0.0;fr;78.0;"LE QUÉBEC";3B94D9;FFFFFF;"Eastern Time (US & Canada)";1383.0
619.0;618.0;711.0;en;13.0;Stockport;F00E0E;FFFFFF;London;2624.0
1253.0;216.0;619.0;en;2.0;Worsley,Manchseter;1DA1F2;C0DEED;Casablanca;1565.0
6038.0;5754.0;6062.0;pt;358.0;"São Fidélis, Brasil";E81C4F;0.0;Brasilia;659.0
7755.0;222.0;117.0;en;1.0;"honeymoon ave";1DA1F2;C0DEED;"Pacific Time (US & Canada)";165.0
31514.0;1426.0;797.0;en;107.0;Manchester;1DA1F2;C0DEED;London;1884.0
1010.0;84458.0;728.0;en;2039.0;"Vancouver, BC";FC514B;FFFFFF;"Pacific Time (US & Canada)";3071.0
3038.0;5232.0;1152.0;en;261.0;"Porto, Portugal";2FC2EF;181A1E;Hawaii;2911.0
1388.0;197.0;147.0;en;29.0;"São Paulo/Ldn";0084B4;C0DEED;"Pacific Time (US & Canada)";2232.0
10.0;939.0;1164.0;es;37.0;"Montevideo, Uruguay";1DA1F2;C0DEED;"Buenos Aires";490.0
2908.0;729.0;801.0;en;27.0;Michigan/Florida;93A644;EEEEEE;"Pacific Time (US & Canada)";1654.0
1769.0;271.0;267.0;fr;11.0;"Metz, France";1DA1F2;C0DEED;Paris;289.0
5850.0;308.0;486.0;pt;0.0;"Recife, Brasil";4A913C;0.0;"Pacific Time (US & Canada)";840.0
9.0;17675.0;7953.0;es;464.0;"Colombia, Bogotá";88253.0;0.0;Bogota;3106.0
6890.0;1466.0;461.0;da;63.0;"London, England";0084B4;FFFFFF;Athens;1822.0
16602.0;811.0;340.0;nl;1.0;Netherlands;417D1E;FFFFFF;Amsterdam;2181.0
548.0;365.0;264.0;en;8.0;"Saughall Chester";1DA1F2;C0DEED;Casablanca;1595.0
105.0;8990.0;701.0;nl;318.0;"Vlaanderen Flanders Flandre ";0084B4;C0DEED;Brussels;2588.0
22604.0;1256.0;605.0;en;6.0;ND;DD2E44;FFFFFF;London;1760.0
1.0;1.0;34.0;fr;0.0;"Villeneuve-sur-Lot, France";91D2FA;0.0;"Pacific Time (US & Canada)";26.0
0.0;928.0;1177.0;en;39.0;"Rio de Janeiro";1DA1F2;C0DEED;Brasilia;2585.0
703.0;201.0;148.0;es;48.0;"Bogotá, Colombia";1B95E0;FFFFFF;Bogota;2635.0
11253.0;20630.0;2651.0;pt;27.0;"DEMI LOVATO";E81C4F;0.0;Mid-Atlantic;2145.0
1146.0;1010.0;1118.0;en;9.0;GR♠CELAND™;FF0000;0.0;"West Central Africa";2523.0
3614.0;217.0;828.0;en;2.0;"Boston ";B394F4;0.0;"Pacific Time (US & Canada)";1384.0
746.0;336085.0;660.0;es;1801.0;Bogotá;E02214;0.0;Bogota;2915.0
41231.0;162.0;326.0;en;21.0;Ireland;9266CC;0.0;Dublin;2954.0
267.0;3592.0;2831.0;en;64.0;37.83162,23.777289;FA0015;FFFFFF;Athens;3393.0
48830.0;371.0;751.0;en;1.0;Tennessee;1DA1F2;C0DEED;"Central Time (US & Canada)";2965.0
40.0;180.0;636.0;sr;7.0;"Bosnia and Herzegovina ";1DA1F2;C0DEED;Bern;641.0
11435.0;845.0;496.0;en;3.0;"Ashtead, South East";1DA1F2;C0DEED;London;1018.0
38494.0;5642.0;297.0;en;111.0;hyrule;EB7FA3;FFFFFF;London;2889.0
22.0;151.0;75.0;en;0.0;"Pasuruan, indonesia";9999.0;0.0;Novosibirsk;1608.0
8441.0;1325.0;2200.0;en;22.0;"MiC Lowry ";FF0000;FFFFFF;Dublin;2372.0
84027.0;5279.0;5790.0;en-gb;46.0;manchester;FFFFFF;0.0;London;1159.0
3127.0;446.0;117.0;en;10.0;"Bedford, UK";FAB60A;FFFFFF;London;2611.0
611.0;379.0;1512.0;en;2.0;"North-West, England";1DA1F2;C0DEED;London;2581.0
1766.0;192.0;611.0;en-gb;3.0;"Glasgow, Scotland";F58EA8;0.0;"Pacific Time (US & Canada)";359.0
0.0;311.0;656.0;en;20.0;EU;0C3E53;F2E195;Greenland;3038.0
10223.0;5630.0;22.0;en;12.0;"Napoli, Campania";1DA1F2;C0DEED;"Pacific Time (US & Canada)";628.0
1582.0;261.0;342.0;en;43.0;"Manchester & the world";1DA1F2;C0DEED;London;3047.0
7366.0;542.0;453.0;es;14.0;"La Plata, Argentina";29B0C2;FFFFFF;"Buenos Aires";2863.0
1055.0;3051.0;1064.0;en;42.0;"In your lane.";1DA1F2;C0DEED;Amsterdam;2998.0
1441.0;91.0;169.0;en;4.0;Buffalo;1DA1F2;C0DEED;"Eastern Time (US & Canada)";1430.0
55766.0;3106.0;2935.0;en;45.0;Manchester;1DA1F2;C0DEED;London;2891.0
12285.0;498.0;749.0;en;23.0;"Thomson, GA";9266CC;0.0;"Eastern Time (US & Canada)";2031.0
229778.0;2079.0;330.0;en-gb;1251.0;"London, England";1B95E0;0.0;London;2736.0
5072.0;496.0;543.0;en;2.0;"Houston, TX";1DA1F2;C0DEED;"Central Time (US & Canada)";1676.0
57655.0;10178.0;182.0;en;101.0;" honeymoon ãve. x30 & dmed x1";1DA1F2;C0DEED;"Pacific Time (US & Canada)";1077.0
791.0;58.0;258.0;en;0.0;"North East, England";7FDBB6;0.0;"Pacific Time (US & Canada)";218.0
13497.0;2091.0;2145.0;it;28.0;"Via Lattea";3B94D9;0.0;"Pacific Time (US & Canada)";1235.0
2847.0;330.0;1099.0;es;4.0;Madrid/Asturias;FF3300;86A4A6;Madrid;2276.0
1327.0;189.0;192.0;en;1.0;"At the soccer pitch";3B94D9;0.0;"Pacific Time (US & Canada)";1285.0
296.0;729.0;596.0;en;7.0;"Lagos, Nigeria";9999.0;EEEEEE;"Pacific Time (US & Canada)";2479.0
60243.0;13611.0;14973.0;pt;168.0;"England, United Kingdom";120EC4;1A9ABC;Madrid;3070.0
1845.0;490.0;383.0;es;6.0;"HS1 /Z2 /5H3/NH1/LP1/LT1";1DA1F2;C0DEED;"Pacific Time (US & Canada)";330.0
66749.0;1696.0;2957.0;it;17.0;"in Zayns arms";1DA1F2;C0DEED;"Pacific Time (US & Canada)";696.0
3097.0;412.0;500.0;en;41.0;"London & Leeds";94D487;FFFFFF;London;3043.0
190.0;821.0;1460.0;en;15.0;UK;1DA1F2;C0DEED;London;2178.0
1097.0;145785.0;78380.0;es;295.0;tuitfutbol@gmail.com;1DA1F2;C0DEED;"Pacific Time (US & Canada)";2141.0
2819.0;645.0;2170.0;en;24.0;"Manchester/Salford UK";88253.0;D3D2CF;London;2129.0
856.0;2239.0;2751.0;tr;2.0;türkiye;1F98C7;C6E2EE;Quito;2176.0
4385.0;772.0;2475.0;en;38.0;Germany;0084B4;FFFFFF;Casablanca;2294.0
3317.0;257.0;223.0;pt;5.0;"Anfiel Road";2DB300;FFFFFF;Lisbon;1351.0
49.0;1221.0;4632.0;en;65.0;"Surrey, British Columbia";1DA1F2;C0DEED;"Pacific Time (US & Canada)";993.0
241311.0;30022.0;11541.0;en;152.0;"manchester, uk";5D0D7C;FFFFFF;London;2302.0
3593.0;339.0;157.0;en;9.0;#bringcasback;1DA1F2;C0DEED;"Eastern Time (US & Canada)";1175.0
214.0;552.0;626.0;es;13.0;"Madrid, Comunidad de Madrid";44619D;0.0;Madrid;498.0
6557.0;1622.0;1370.0;en;68.0;"The Republic of Cambridge";FF0000;65B0DA;"Eastern Time (US & Canada)";2598.0
2563.0;83.0;85.0;en;0.0;"From a Galaxy far, far away";1DA1F2;C0DEED;London;101.0
39263.0;2580.0;3332.0;en;134.0;www.facebook.com/jennaleetv;1B95E0;0.0;"Pacific Time (US & Canada)";3002.0
7872.0;609.0;628.0;en;20.0;"Third Rock From The Sun";0022FF;65B0DA;London;2914.0
21712.0;9534.0;2323.0;en;207.0;"Manchester / Lancashire";0084B4;FFFFFF;London;1935.0
979.0;1161.0;2196.0;en;33.0;"Johannesburg ";0099B9;5ED4DC;Pretoria;3019.0
7105.0;843.0;364.0;en;42.0;"United Kingdom";9266CC;0.0;London;1253.0
39788.0;726.0;421.0;es;48.0;"En el ombligo de la Luna";E40C53;FFFFFF;"Mexico City";2673.0
81242.0;501.0;235.0;en;71.0;"London/ Edgware";990000.0;FFFFFF;London;2600.0
20031.0;42795.0;910.0;en;613.0;UK;0099B9;FFFFFF;London;3058.0
452.0;3463.0;551.0;en;200.0;"Austin, TX";D02B55;829D5E;Warsaw;2837.0
410.0;244.0;514.0;en;4.0;London;6BC7C4;6E57C9;Lisbon;2773.0
5842.0;777.0;164.0;en;21.0;"New York, USA";1DA1F2;C0DEED;"Pacific Time (US & Canada)";1044.0
133.0;3053.0;2471.0;es;387.0;"Bay Harbor Islands,  Florida";225C9B;FFFFFF;"Eastern Time (US & Canada)";2820.0
5197.0;111.0;12.0;en;0.0;"Burnley, England";981CEB;0.0;Dublin;2244.0
569.0;335.0;92.0;fr;4.0;"Paris 20";9999.0;0.0;Athens;1715.0
4265.0;327.0;158.0;en;35.0;"Liverpool, England";1B95E0;0.0;Edinburgh;2782.0
13458.0;1103.0;1105.0;en;42.0;" England, Earth";0099CC;FFF8AD;London;2347.0
44186.0;855.0;776.0;pt;6.0;"São Paulo, Brasil";0084B4;0.0;"Pacific Time (US & Canada)";627.0
3548.0;2659.0;2540.0;pt;5.0;"Na coxa do Harry ";1DA1F2;C0DEED;"Pacific Time (US & Canada)";233.0
10837.0;3374.0;4318.0;en;152.0;Yorkshire;1DA1F2;C0DEED;London;1654.0
457.0;292.0;294.0;en;1.0;Mars;1DA1F2;C0DEED;"Pacific Time (US & Canada)";1324.0
622.0;1410.0;332.0;en;27.0;"Malcolm Tuckers soup kitchen.";8A1919;0.0;London;3056.0
26770.0;265.0;454.0;es;16.0;"Medellín, Colombia";9266CC;C0DEED;"Eastern Time (US & Canada)";1121.0
1146.0;1010.0;1118.0;en;9.0;GR♠CELAND™;FF0000;0.0;"West Central Africa";2523.0
12643.0;570.0;361.0;es;49.0;"Zaragoza, España";0C7776;0.0;Athens;1764.0
102209.0;5714.0;4442.0;en-gb;7.0;"AZ, TX, NC, UK";9266CC;FFFFFF;"Pacific Time (US & Canada)";972.0
5056.0;1468.0;1596.0;en;71.0;London;1DA1F2;C0DEED;"Pacific Time (US & Canada)";584.0
113.0;136.0;332.0;it;18.0;"Napoli, Campania";1DA1F2;C0DEED;"Pacific Time (US & Canada)";712.0
634.0;1858.0;3244.0;en;8.0;"iPhone: 55.862602,-4.265205";89C9FA;0.0;Edinburgh;3090.0
608.0;1478.0;2017.0;en;79.0;"Croydon, Surrey, UK";990000.0;DFDFDF;Casablanca;2930.0
424.0;3355.0;1946.0;en;62.0;Northumberland;CE7834;FFFFFF;London;2140.0
10446.0;17462.0;19213.0;nl;347.0;Nederland;93580.0;FFFFFF;Amsterdam;2342.0
263.0;12.0;89.0;en-gb;0.0;"Peoples Republic of Yorkshire";A790B4;2C262F;"Pacific Time (US & Canada)";2571.0
6347.0;263.0;662.0;en-gb;63.0;"Bristol, England, G.Britain";0.0;0.0;London;445.0
7164.0;13784.0;942.0;en;99.0;"United Kingdom";3B94D9;0.0;Dublin;804.0
528.0;234.0;228.0;en;5.0;Bude/Kingston;9048BD;FFFFFF;Casablanca;2931.0
77.0;882.0;39.0;en;29.0;"Europe of Nations and Freedom";1DA1F2;C0DEED;"Pacific Time (US & Canada)";485.0
823.0;495.0;1368.0;en-gb;48.0;Earth;0044BB;0.0;"New Delhi";2188.0
2857.0;182.0;346.0;en;1.0;9.27;1DA1F2;C0DEED;"Pacific Time (US & Canada)";518.0
21811.0;388.0;455.0;es;21.0;Argentina;DD2E44;0.0;America/Argentina/Buenos_Aires;1442.0
5680.0;776.0;1318.0;en;29.0;Liverpool;1DA1F2;C0DEED;Hawaii;2394.0
50837.0;1523.0;1335.0;ja;52.0;第４サティアン;333333.0;0.0;Tokyo;875.0
167.0;1554.0;745.0;en;38.0;"Urmston, M415AW,Manchester, UK";89C9FA;BDDCAD;London;2703.0
5.0;15.0;51.0;en;0.0;Marsascala;1DA1F2;C0DEED;London;2958.0
16299.0;268.0;517.0;en;1.0;"miami, fl";F5ABB5;0.0;"Eastern Time (US & Canada)";2236.0
456.0;276.0;579.0;it;15.0;"Napoli, Italia";91D2FA;0.0;"Pacific Time (US & Canada)";735.0
1205.0;431.0;281.0;en;4.0;"Manchester, England";02B0AC;373737.0;Singapore;2282.0
569.0;335.0;92.0;fr;4.0;"Paris 20";9999.0;0.0;Athens;1715.0
3574.0;352.0;510.0;en;6.0;Liverpool-UK;9C2E58;FFFFFF;London;2645.0
23173.0;597.0;1563.0;es;7.0;"Berazategui, Argentina";0084B4;FFFFFF;Brasilia;2367.0
39841.0;2270.0;1893.0;en;343.0;"Portland, OR";1DA1F2;C0DEED;"Pacific Time (US & Canada)";2838.0
1345.0;425.0;673.0;en;7.0;"Manchester, England";3B94D9;0.0;Amsterdam;1763.0
0.0;70.0;12.0;en;29.0;Europe;0099CC;FFFFFF;Athens;1204.0
486.0;18.0;213.0;en;0.0;"Atlanta, GA";19CF86;0.0;"Pacific Time (US & Canada)";108.0
5.0;10961.0;3360.0;fr;102.0;France;0099B9;0.0;Paris;524.0
379.0;2085.0;586.0;en;44.0;"Northern Ireland, United Kingdom";CC3366;FFFFFF;Dublin;2712.0
1961.0;156.0;130.0;fr;10.0;Lorient;1DA1F2;C0DEED;Amsterdam;1960.0
1034.0;874.0;2099.0;en;12.0;Earth;FAB81E;0.0;"Pacific Time (US & Canada)";2026.0
1548.0;476.0;1320.0;en;11.0;"Dundee, Scotland";18781D;FFFFFF;Edinburgh;2034.0
26022.0;594.0;1322.0;en;40.0;"Paris, France";53298A;FFFFFF;London;2247.0
328.0;334.0;116.0;en;0.0;"Lagos, Nigeria";1DA1F2;C0DEED;"West Central Africa";1961.0
8316.0;297.0;557.0;fr;74.0;"Etampes, France";DD2E44;0.0;Belgrade;797.0
8538.0;338.0;603.0;en;6.0;"الإمـــــارات – canada ";27ADD6;FFFFFF;"Abu Dhabi";2207.0
897.0;477.0;498.0;en;7.0;Coventry;inf;0.0;Amsterdam;3044.0
1559.0;1102.0;2067.0;en;20.0;"Perth, Western Australia";FF8D0A;FFFFFF;Edinburgh;2569.0
41918.0;1302.0;1155.0;en;42.0;tampa;3B94D9;FFFFFF;"Atlantic Time (Canada)";1955.0
59702.0;665.0;295.0;en;20.0;"Oregon State University";9999.0;EEEEEE;"Pacific Time (US & Canada)";2857.0
1202.0;96923.0;3976.0;en;916.0;"WhatsApp 1617 365 2929 ";1DA1F2;C0DEED;"Eastern Time (US & Canada)";3017.0
11797.0;6818.0;5959.0;en;37.0;"2/5 Jano | Ariana x3 ";734ABF;FFFFFF;London;1910.0
6914.0;936.0;930.0;en;6.0;DMV;1DA1F2;C0DEED;"Atlantic Time (Canada)";2056.0
732.0;684.0;681.0;en;65.0;"Orlando, FL";0084B4;C0DEED;Quito;2216.0
14565.0;2343.0;956.0;en;75.0;"gryffindor common room";9266CC;FFFFFF;Amsterdam;2113.0
2536.0;514.0;308.0;pt;0.0;" 11/03/16 restinpeace";1DA1F2;C0DEED;"Pacific Time (US & Canada)";283.0
82.0;633.0;595.0;en;22.0;Somalia;BF131B;FFFFFF;Bangkok;1707.0
93038.0;3205.0;1936.0;en;93.0;"London, England";DD2E44;0.0;London;1501.0
828.0;133.0;153.0;en;6.0;Amsterdam//Dublin//Spain;9999.0;FFFFFF;Madrid;2726.0
0.0;476.0;625.0;en;16.0;"Malakistan..or nearby";1DA1F2;C0DEED;Greenland;3036.0
3153.0;1346.0;1497.0;en;6.0;"Shropshire, England";9266CC;0.0;Casablanca;1589.0
5076.0;887.0;1266.0;en;108.0;"Manchester UK";88253.0;D3D2CF;Europe/London;3029.0
24.0;677.0;854.0;en;28.0;"Clearwater, FL";1B95E0;A8C7F7;"Pacific Time (US & Canada)";2399.0
18436.0;290.0;188.0;en;17.0;LA;E81C4F;FFFFFF;Arizona;1798.0
299.0;17429.0;955.0;en;427.0;Berlin;786C68;FFFFFF;London;3189.0
9191.0;473.0;141.0;pt;6.0;"#5H3  #CC1";0.0;0.0;"Pacific Time (US & Canada)";231.0
907.0;713.0;1021.0;en;24.0;"London UK";1DA1F2;C0DEED;"Pacific Time (US & Canada)";2347.0
43304.0;2217.0;2434.0;en;189.0;Earth;AE130A;65B0DA;"Pacific Time (US & Canada)";3117.0
12602.0;2409.0;3101.0;es;15.0;Chile;1DA1F2;C0DEED;"Pacific Time (US & Canada)";583.0
618.0;1273.0;562.0;en;1500.0;"Northville, Michigan";88253.0;D3D2CF;"Eastern Time (US & Canada)";3642.0
27.0;92155.0;74.0;tr;0.0;Türkiye;DD2E44;0.0;Istanbul;918.0
144.0;47.0;166.0;fr;2.0;"Tokyo, Beijing, Paris-Honfleur";0084B4;0.0;Singapore;2927.0
227.0;65.0;275.0;en;0.0;"Boness • Glasgow • London";ABB8C2;0.0;London;26.0
33.0;73.0;92.0;en;60.0;"United States";FF691F;0.0;"Eastern Time (US & Canada)";443.0
4600.0;792.0;1263.0;it;5.0;240616/040517;E81C4F;0.0;"Pacific Time (US & Canada)";704.0
247.0;3262.0;1488.0;en;76.0;Jakarta;0084B4;FFFFFF;Jakarta;3052.0
27277.0;326.0;218.0;en;43.0;"Monsey, New York";4A913C;0.0;"Eastern Time (US & Canada)";1061.0
65208.0;956.0;2127.0;en;42.0;"Edinburgh, Scotland";89C9FA;0.0;"Pacific Time (US & Canada)";762.0
4107.0;378.0;531.0;en;3.0;Manchester;1DA1F2;C0DEED;London;2140.0
25623.0;2698.0;368.0;en;52.0;"onika follows";1B95E0;0.0;Kyiv;2140.0
4781.0;320.0;224.0;en;13.0;"Sunny, sunny Glasgow";2FC2EF;181A1E;Edinburgh;3104.0
28008.0;1428.0;1108.0;en;331.0;Heaven;1DA1F2;C0DEED;"Pacific Time (US & Canada)";1715.0
3887.0;573.0;757.0;en-gb;10.0;"Bristol, England";1DA1F2;C0DEED;"Pacific Time (US & Canada)";645.0
515.0;171.0;181.0;fr;6.0;Manchester;1DA1F2;C0DEED;"Pacific Time (US & Canada)";1849.0
9592.0;817.0;810.0;en;55.0;Warlingham;1DA1F2;C0DEED;London;1895.0
252.0;978.0;736.0;en;34.0;"Jamaica ";B770F5;0.0;"Central Time (US & Canada)";2873.0
5264.0;238.0;397.0;en;5.0;1970s;1DA1F2;C0DEED;London;2514.0
1146.0;365.0;923.0;en;18.0;"Liverpool, England";7D1457;AB384D;London;3052.0
529.0;197.0;1917.0;id;2.0;CFA;1DA1F2;C0DEED;Jakarta;604.0
13386.0;330.0;204.0;pl;17.0;"Warsaw, Poland";1DA1F2;C0DEED;"Pacific Time (US & Canada)";338.0
6027.0;1194.0;2321.0;en;43.0;Atlanta,Ga;0084B4;FFFFFF;"Eastern Time (US & Canada)";1954.0
3000.0;1383.0;899.0;es;6.0;"en dramas y más dramas ";F70A61;FFFFFF;Hawaii;1648.0
14407.0;393.0;172.0;en-gb;38.0;"South East, England";1DA1F2;C0DEED;London;1250.0
11565.0;2422.0;2434.0;en;57.0;Azania;1DA1F2;C0DEED;Belgrade;1164.0
36073.0;848.0;3257.0;en;17.0;"Lordswood, Medway, England";E81C4F;0.0;Dublin;877.0
1852.0;387.0;120.0;es;0.0;"Apostoles, Misiones";19CF86;0.0;Athens;1635.0
10446.0;17462.0;19213.0;nl;347.0;Nederland;93580.0;FFFFFF;Amsterdam;2342.0
33130.0;1110.0;2673.0;pt;17.0;"Porto, Portugal";F58EA8;0.0;Lisbon;2364.0
14234.0;950.0;852.0;en;11.0;"Al Khobar / Manchester";3B94D9;0.0;Riyadh;2328.0
3961.0;673.0;765.0;fr;8.0;"Planete Sadara ";1DA1F2;C0DEED;Amsterdam;1996.0
3396.0;79.0;478.0;es;1.0;"Salamanca, España";417078.0;FFFFFF;Athens;1527.0
6268.0;1132.0;877.0;pt;5.0;"Castelobruxo ";F5ABB5;0.0;"Pacific Time (US & Canada)";762.0
28924.0;349.0;69.0;en-gb;15.0;"London, England, Bogotá, Colom";981CEB;0.0;"Pacific Time (US & Canada)";494.0
5076.0;887.0;1266.0;en;108.0;"Manchester UK";88253.0;D3D2CF;Europe/London;3029.0
1836.0;9263.0;9713.0;en;50.0;"No list or I will block you.";1DA1F2;C0DEED;"Pacific Time (US & Canada)";638.0
5596.0;4633.0;98.0;en;37.0;"California, USA";ABB8C2;C0DEED;Arizona;1299.0
371.0;1832.0;1928.0;nl;65.0;"Baarlo (lb), Netherlands";0084B4;C0DEED;Amsterdam;2419.0
488.0;232.0;934.0;en;1.0;"Bury St Edmunds, Suffolk";FF0000;65B0DA;London;3053.0
13431.0;675.0;1396.0;en;12.0;Carlisle;B40B43;CC3366;London;2863.0
23073.0;1956.0;615.0;en;4.0;"Cleveland, OH 216";068F2D;1400EB;"Eastern Time (US & Canada)";2318.0
11914.0;24687.0;20446.0;en;168.0;"I get around ";77.0;FFFFFF;Amsterdam;1532.0
6695.0;457.0;931.0;en;27.0;"Citizen of the World & UK";1F98C7;FFFFFF;London;2989.0
16368.0;20897.0;2017.0;da;159.0;"Frederiksberg, Denmark";A85008;EBCFC1;Copenhagen;2625.0
37183.0;973.0;702.0;fr;76.0;"Lucioles City ";1DA1F2;C0DEED;Paris;1721.0
35631.0;1259.0;1156.0;en;48.0;Earth;1DA1F2;C0DEED;"Pacific Time (US & Canada)";1058.0
4600.0;792.0;1263.0;it;5.0;240616/040517;E81C4F;0.0;"Pacific Time (US & Canada)";704.0
1107.0;605.0;508.0;es;10.0;" Venezuela ";1A0C0C;FFFFFF;Quito;2010.0
72050.0;55608.0;39958.0;en;2182.0;"The Atmosphere";1DA1F2;C0DEED;London;894.0
26727.0;2310.0;4994.0;en;145.0;"President Bannon ";0084B4;FFFFFF;London;2924.0
8391.0;1682.0;848.0;en;17.0;"Stockholm, Sweden";981CEB;0.0;"Eastern Time (US & Canada)";506.0
1281.0;346.0;244.0;fr;4.0;"Ivry-sur-Seine, Ile-de-France";91D2FA;FFFFFF;Athens;1784.0
3164.0;396.0;834.0;en;25.0;"Underground Bunker";0084B4;FFFFFF;London;2950.0
5556.0;5872.0;629.0;pt;26.0;"Ativem as notificações! ";0.0;0.0;"Pacific Time (US & Canada)";612.0
23267.0;340.0;154.0;en;5.0;NY;F5ABB5;0.0;"Pacific Time (US & Canada)";1148.0
2308.0;246.0;1081.0;en;2.0;"Manchester, England";1DA1F2;C0DEED;Europe/London;2148.0
82.0;633.0;595.0;en;22.0;Somalia;BF131B;FFFFFF;Bangkok;1707.0
3.0;2197.0;1287.0;en;460.0;cryptowatchbot@gmail.com;0084B4;C0DEED;Vilnius;2263.0
5024.0;1036.0;394.0;en;8.0;Tomorrowland;1B95E0;0.0;"Pacific Time (US & Canada)";537.0
11924.0;496.0;290.0;en;0.0;Texas;462897.0;0.0;"Pacific Time (US & Canada)";1204.0
72195.0;41679.0;34837.0;en;49.0;"United States ";E81C4F;0.0;"Pacific Time (US & Canada)";473.0
1361.0;412.0;188.0;id;4.0;Indonesia;E620A1;FFFFFF;Bangkok;1631.0
6310.0;3173.0;1188.0;it;324.0;"Torino, Europe";2FC2EF;181A1E;Greenland;2445.0
388.0;11952.0;8680.0;pt;32.0;"tøp kcc bts and sadness";0.0;FFFFFF;Brasilia;1797.0
48833.0;371.0;751.0;en;1.0;Tennessee;1DA1F2;C0DEED;"Central Time (US & Canada)";2965.0
3761.0;859.0;443.0;en;4.0;"London, England";1DA1F2;C0DEED;"Pacific Time (US & Canada)";1272.0
187.0;261.0;139.0;en;73.0;158.0;ABB8C2;FFFFFF;Australia/Sydney;2898.0
38012.0;2027.0;4967.0;en;115.0;"The Netherlands & UK";3B94D9;0.0;Europe/London;1855.0
14.0;32.0;103.0;id;0.0;"Banyuwangi, Indonesia";E81C4F;0.0;"Pacific Time (US & Canada)";107.0
4920.0;69.0;177.0;en;2.0;"Weymouth, England";981CEB;0.0;Amsterdam;2467.0
115432.0;1537.0;517.0;en;9.0;"Paramount, CA";707070.0;FFFFFF;"Pacific Time (US & Canada)";2108.0
8804.0;337.0;820.0;nl;15.0;"Vlaanderen, Zuid-Nederland";FAB81E;0.0;"Pacific Time (US & Canada)";638.0
51697.0;3360.0;4998.0;en;62.0;Basement;131314.0;0.0;"Pacific Time (US & Canada)";335.0
1705.0;691.0;685.0;en;44.0;Manchester;1B95E0;FFFFFF;London;2913.0
21633.0;391.0;408.0;en;12.0;"Markham, Ontario";9266CC;0.0;"Eastern Time (US & Canada)";2958.0
2745.0;315.0;470.0;en;7.0;England;0084B4;A8C7F7;London;3049.0
34003.0;932.0;272.0;en-gb;23.0;"Derby, England";1B95E0;0.0;"Pacific Time (US & Canada)";706.0
33967.0;244.0;365.0;en;4.0;Cardiff;1DA1F2;C0DEED;"Pacific Time (US & Canada)";924.0
3333.0;499.0;653.0;en;2.0;"Laguna Niguel, CA";8258BA;FFFFFF;"Pacific Time (US & Canada)";2770.0
4727.0;631.0;638.0;en;7.0;Hartlepool;50303.0;FFFFFF;London;2162.0
171.0;28.0;250.0;en;1.0;"Wigan, Angleterre ";4A913C;0.0;"International Date Line West";797.0
529.0;507.0;514.0;en;0.0;"Ekiti, Nigeria";1DA1F2;C0DEED;"West Central Africa";2246.0
19640.0;816.0;1758.0;es;4.0;"RubiusLandia ";17202A;0.0;Santiago;349.0
1441.0;91.0;169.0;en;4.0;Buffalo;1DA1F2;C0DEED;"Eastern Time (US & Canada)";1430.0
1370.0;2072.0;1056.0;en;40.0;LASGIDI;CC3366;DBE9ED;"Pacific Time (US & Canada)";2697.0
15809.0;861.0;386.0;en;99.0;"Walthamstow, same as Grandad.";0084B4;FFFFFF;London;1726.0
27171.0;1223.0;312.0;en;43.0;"House of Balloons";1DA1F2;C0DEED;"Pacific Time (US & Canada)";633.0
22769.0;16848.0;8325.0;en;39.0;"New York";0.0;FFFFFF;"Eastern Time (US & Canada)";1778.0
2739.0;754.0;1562.0;en;100.0;"Green and pleasant land";1DA1F2;C0DEED;Dublin;2005.0
17236.0;746.0;931.0;es;7.0;"Santiago de Chile";1F98C7;C6E2EE;Santiago;2492.0
2438.0;492.0;844.0;en;0.0;"Budapest Toronto NY LA Tokyo";1DA1F2;C0DEED;Hawaii;1650.0
12416.0;871.0;410.0;es;29.0;"isleña muchacha ";9266CC;0.0;Arizona;1151.0
4555.0;808.0;420.0;es;3.0;"Andalú ";1B95E0;0.0;Madrid;1070.0
81.0;193.0;526.0;en;3.0;Yogyakarta;DD2E44;0.0;Jakarta;2308.0
580.0;173.0;216.0;en;10.0;"England (probably)";27C2C2;BA2CBA;London;2310.0
545.0;270.0;932.0;en;0.0;Grimsby;1DA1F2;C0DEED;Casablanca;3014.0
2363.0;90.0;101.0;en;8.0;Markham;1F98C7;C6E2EE;"Eastern Time (US & Canada)";2830.0
27279.0;326.0;218.0;en;43.0;"Monsey, New York";4A913C;0.0;"Eastern Time (US & Canada)";1061.0
768.0;501.0;1593.0;en-gb;18.0;London;1DA1F2;C0DEED;London;889.0
39172.0;542.0;1346.0;en;12.0;"stolen land";FA76BC;FFFFFF;"Atlantic Time (Canada)";1199.0
839.0;295.0;141.0;hr;2.0;Croatia;1DA1F2;C0DEED;"Pacific Time (US & Canada)";772.0
2186.0;235.0;457.0;en;0.0;"London, England";1B95E0;0.0;"Pacific Time (US & Canada)";37.0
4362.0;617.0;318.0;en;3.0;Labëria;0084B4;C0DEED;"Eastern Time (US & Canada)";1998.0
739.0;102.0;793.0;en;1.0;"South East, England";1DA1F2;C0DEED;Amsterdam;2721.0
42.0;28.0;124.0;en;0.0;Dunblane;B40B43;CC3366;Edinburgh;3003.0
32.0;513155.0;889.0;en;3490.0;London;0084B4;BDDCAD;London;2965.0
22730.0;1669.0;1924.0;es;11.0;himym;1DA1F2;C0DEED;"Pacific Time (US & Canada)";953.0
6825.0;722.0;874.0;en;41.0;"New Mexico, USA";981CEB;0.0;"Mountain Time (US & Canada)";1456.0
19.0;143.0;144.0;en;37.0;Oslo;E01933;0.0;Copenhagen;1984.0
685.0;1638.0;1432.0;en;227.0;"Manchester/Cheshire/North West";ABB8C2;FFFFFF;Amsterdam;2342.0
59.0;2109.0;980.0;en;131.0;Nigeria;0084B4;FFFFFF;"West Central Africa";2778.0
1.0;687.0;1786.0;fr;19.0;Paris;1DA1F2;C0DEED;Paris;1833.0
4008.0;1110.0;1273.0;en;36.0;"Measham, England";C34242;BFBFBF;London;3037.0
2553.0;1911.0;1537.0;en;52.0;"Prestwich, Manchester";FF3300;FFFFFF;London;2378.0
6574.0;1958.0;306.0;en;158.0;LA;CC3366;FFFFFF;Alaska;2628.0
5147.0;177.0;128.0;en;2.0;Barcelona;91D2FA;0.0;Karachi;829.0
4941.0;1489.0;2157.0;en;145.0;"Bournemouth UK";1DA1F2;C0DEED;London;1609.0
1560.0;33.0;105.0;en;2.0;"Codsall, England";0099CC;FFF8AD;"Pacific Time (US & Canada)";564.0
4979.0;1310.0;3021.0;en;63.0;Tenerife,Spain;084B40;1D8220;Azores;3028.0
0.0;0.0;2.0;en;0.0;India;1DA1F2;C0DEED;"Pacific Time (US & Canada)";56.0
29.0;13.0;60.0;en-gb;0.0;"England, United Kingdom";1B95E0;0.0;London;25.0
1552.0;20270.0;9040.0;fr;658.0;"Paris / France";544B54;FFFFFF;Paris;3069.0
82.0;633.0;595.0;en;22.0;Somalia;BF131B;FFFFFF;Bangkok;1707.0
1092.0;393.0;665.0;en;1.0;"The Underbelly of the Ozarks";FF0000;65B0DA;"Central Time (US & Canada)";3043.0
9979.0;1791.0;4899.0;pt;2.0;"Fudendo com o Nash";F58EA8;0.0;"Pacific Time (US & Canada)";166.0
5718.0;1703.0;180.0;pt;3.0;"follow ➡ @alwayshereanahi";111111.0;0.0;"Pacific Time (US & Canada)";1442.0
735.0;1606.0;3117.0;en;107.0;"Reading | London | Funchal ";1DA1F2;C0DEED;London;2282.0
1704.0;1171.0;2004.0;en;77.0;London;FF0000;F2E195;Amsterdam;3068.0
59.0;452.0;309.0;en;9.0;Sydney;B40B43;CC3366;Sydney;2939.0
124618.0;1267.0;445.0;en;167.0;"Oxfordshire ";1DA1F2;C0DEED;London;529.0
4623.0;1350.0;4146.0;en;10.0;"Blackburn, England ";B40B43;CC3366;London;3001.0
50586.0;1107.0;336.0;en;9.0;"Waukesha, WI";990000.0;DFDFDF;"Central Time (US & Canada)";1890.0
459.0;705.0;50.0;en;6.0;"Croydon, London";98AFC7;FFFFFF;London;2751.0
5151.0;356.0;531.0;en;19.0;"Manchester, England";4A913C;0.0;London;1098.0
1596.0;97.0;80.0;en;2.0;"London, Ontario";19CF86;FFFFFF;"Eastern Time (US & Canada)";2334.0
2931.0;331.0;1584.0;es;1.0;"Caracas, Venezuela";1DA1F2;C0DEED;Caracas;1875.0
37594.0;532.0;152.0;en;19.0;"ms represent";ABB8C2;FFFFFF;Lisbon;1148.0
3759.0;510.0;864.0;en;23.0;London;1DA1F2;C0DEED;London;2974.0
73348.0;6921.0;7566.0;en;413.0;Annagassan;990000.0;DFDFDF;Europe/Dublin;2938.0
17274.0;84.0;309.0;fr;13.0;"St Aubin 39";9266CC;0.0;Ljubljana;999.0
229.0;553.0;2010.0;en;6.0;Swaziland;1DA1F2;C0DEED;"Pacific Time (US & Canada)";601.0
55480.0;3617.0;313.0;en;53.0;"@INTlMACY ❣ [he/him]";F58EA8;FFFFFF;Amsterdam;1600.0
6775.0;1116.0;1777.0;pt;4.0;"Honeymoon ãve";89C9FA;0.0;Greenland;2014.0
1280.0;286.0;708.0;en;2.0;Dallas;1B95E0;0.0;"Central Time (US & Canada)";2845.0
371.0;1832.0;1928.0;nl;65.0;"Baarlo (lb), Netherlands";0084B4;C0DEED;Amsterdam;2419.0
0.0;311.0;656.0;en;20.0;EU;0C3E53;F2E195;Greenland;3038.0
1.0;687.0;1786.0;fr;19.0;Paris;1DA1F2;C0DEED;Paris;1833.0
1164.0;471.0;462.0;en;144.0;UK;ABB8C2;0.0;London;3029.0
38691.0;1119.0;764.0;en;4.0;pcti;DD2E44;0.0;"Eastern Time (US & Canada)";1033.0
0.0;221.0;498.0;en;0.0;"Derry, NH";2FC2EF;181A1E;"Eastern Time (US & Canada)";3040.0
2042.0;3745.0;1117.0;en;87.0;Africa;FF0000;FFFFFF;Pretoria;1780.0
19359.0;130.0;387.0;es;1.0;No;1B95E0;0.0;"Pacific Time (US & Canada)";480.0
19526.0;388.0;589.0;en;2.0;"London ";0084B4;FFFFFF;Amsterdam;1465.0
55116.0;1786.0;1696.0;en;98.0;"Tipp City, OH";3B94D9;0.0;Hawaii;3045.0
443.0;1332.0;233.0;en;25.0;"Manchester, England";1DA1F2;C0DEED;"Pacific Time (US & Canada)";2282.0
1149.0;148.0;372.0;en;9.0;England;3B94D9;FFFFFF;London;2850.0
150.0;1047.0;369.0;fr;15.0;"ds l❤️ de Doupi (+Lille/Metz)";1B95E0;FFFFFF;Amsterdam;1950.0
12051.0;481.0;469.0;en-gb;2.0;"Cals place chilling with jack";1DA1F2;C0DEED;"Pacific Time (US & Canada)";443.0
147.0;91.0;1300.0;en;5.0;"New York, The World";0084B4;FFFFFF;"Eastern Time (US & Canada)";1017.0
7025.0;267.0;320.0;en;15.0;overthehillEngland;1DA1F2;C0DEED;"Pacific Time (US & Canada)";490.0
524.0;1429.0;829.0;en;25.0;"Katsina, Nigeria";FFCC4D;FFF8AD;Berlin;2304.0
3833.0;6187.0;6417.0;en;114.0;"Norfolk England";89C9FA;0.0;London;2956.0
20845.0;1049.0;532.0;en;324.0;"Lanarkshire, Scotland";1DA1F2;C0DEED;Hawaii;2150.0
2357.0;12000.0;8691.0;en;1025.0;"iPhone: 0.000000,0.000000";7F0247;FFABDC;"Eastern Time (US & Canada)";2914.0
14.0;166.0;475.0;en;4.0;Nigeria;1DA1F2;C0DEED;"Pacific Time (US & Canada)";837.0
740.0;553.0;427.0;en;1.0;Malaysia;0.0;FFFFFF;"Kuala Lumpur";1886.0
11890.0;1456.0;1606.0;en;9.0;"Beacon Hills";0.0;0.0;"Pacific Time (US & Canada)";558.0
378.0;800.0;1378.0;en;19.0;"United Kingdom";1DA1F2;C0DEED;Casablanca;2919.0
141.0;163.0;264.0;en;11.0;"nottingham uk";0084B4;A8C7F7;London;2946.0
1038.0;526.0;288.0;en;13.0;"North East, England";1DA1F2;C0DEED;"Pacific Time (US & Canada)";263.0
6914.0;936.0;930.0;en;6.0;DMV;1DA1F2;C0DEED;"Atlantic Time (Canada)";2056.0
1.0;628.0;1674.0;en;6.0;"Manila City";FFCC4D;0.0;"Pacific Time (US & Canada)";695.0
1026.0;1032.0;525.0;fr;42.0;"Guinée Conakry";0.0;0.0;Paris;1761.0
10446.0;17462.0;19213.0;nl;347.0;Nederland;93580.0;FFFFFF;Amsterdam;2342.0
17862.0;489.0;772.0;nl;25.0;"Republiek Amsterdam";F0A14D;FFFFFF;Amsterdam;2230.0
633.0;1756.0;317.0;en;56.0;London;1DA1F2;C0DEED;London;2571.0
19668.0;3830.0;5002.0;fr;18.0;DAKAR;3B94D9;FFFFFF;Casablanca;1979.0
1100.0;436.0;843.0;en;14.0;"Leicester UK";1DA1F2;C0DEED;London;2758.0
520.0;293.0;541.0;fr;11.0;Provence;1DA1F2;C0DEED;"Pacific Time (US & Canada)";1725.0
1.0;687.0;1786.0;fr;19.0;Paris;1DA1F2;C0DEED;Paris;1833.0
51957.0;2585.0;1500.0;en;49.0;"Selena - Zara - Zayn - Charlie";1DA1F2;C0DEED;Casablanca;1288.0
43306.0;2217.0;2434.0;en;189.0;Earth;AE130A;65B0DA;"Pacific Time (US & Canada)";3117.0
12870.0;1690.0;1358.0;en;21.0;" Accra,Ghana       ";522A4D;FFFFFF;Amsterdam;2102.0
1853.0;246.0;371.0;en;4.0;"Columbus, OH";ABB8C2;0.0;"Eastern Time (US & Canada)";2994.0
5152.0;356.0;531.0;en;19.0;"Manchester, England";4A913C;0.0;London;1098.0
92.0;57.0;79.0;en;0.0;"Warrington Cheshire";B40B43;CC3366;London;2189.0
652.0;501.0;906.0;en;14.0;"Amsterdam, North Holland";949494.0;575757.0;Berlin;2712.0
21938.0;529.0;357.0;en;8.0;"Borikén ";0084B4;FFFFFF;"Eastern Time (US & Canada)";1980.0
23897.0;32895.0;1.0;fr;428.0;paris;DD2E44;0.0;Ljubljana;2840.0
32849.0;4535.0;5001.0;en;84.0;Massachusetts;1DA1F2;C0DEED;Quito;2930.0
2006.0;1313.0;412.0;en;17.0;Wolverhampton;C96F10;50200.0;London;2565.0
748.0;621.0;288.0;en;46.0;London;1DA1F2;C0DEED;London;2994.0
61498.0;12422.0;1070.0;en;120.0;"London, England";89C9FA;0.0;London;2036.0
24370.0;743.0;1586.0;es;4.0;Mexico;DD2E44;0.0;"Mexico City";1396.0
2799.0;514.0;401.0;en;1.0;"university of malaya";1F98C7;C6E2EE;Beijing;1586.0
86.0;203.0;193.0;fr;10.0;"Midi Pyrénées";ABB8C2;0.0;Paris;973.0
5300.0;322.0;411.0;pt;4.0;"Fortaleza, Brasil";E81C4F;0.0;"Pacific Time (US & Canada)";2060.0
140178.0;1557.0;1409.0;en;73.0;"Northern ireland";DD2E44;FFFFFF;London;2618.0
1425.0;434.0;624.0;en;7.0;"Johannesburg, South Africa";FF0000;F2E195;Hawaii;3026.0
6025.0;531.0;1038.0;es;5.0;Cardones/Arucas;0084B4;FFFFFF;Casablanca;2596.0
31106.0;1353.0;965.0;es;17.0;"Live Forever";1F0B5E;0.0;"Central Time (US & Canada)";2262.0
54911.0;9863.0;190.0;en-gb;265.0;"new zealand";F5ABB5;FFFFFF;Wellington;1455.0
5486.0;13227.0;12328.0;en;404.0;"Ludlow, Shropshire";1B95E0;FFFFFF;London;2924.0
6135.0;1126.0;967.0;en;75.0;Yorkshire;19CF86;0.0;London;1645.0
17964.0;763.0;1285.0;en;2.0;"United States";7FDBB6;0.0;"Pacific Time (US & Canada)";226.0
6970.0;680.0;512.0;en;9.0;彭;19CF86;0.0;Alaska;2220.0
10759.0;318.0;600.0;en-GB;0.0;"cheshire, england";89C9FA;0.0;BST;682.0
1140.0;135.0;86.0;en;2.0;"on earth";FF3300;86A4A6;"Pacific Time (US & Canada)";2945.0
25072.0;6295.0;6163.0;en;46.0;"UK ULSTER ";0018B3;0.0;London;1710.0
15931.0;3029.0;988.0;en;100.0;"United Kingdom";FF0000;FFFFFF;Amsterdam;2993.0
1.0;687.0;1786.0;fr;19.0;Paris;1DA1F2;C0DEED;Paris;1833.0
29568.0;8653.0;3964.0;en;1751.0;"Screwston, Texas";0084B4;BDDCAD;"Central Time (US & Canada)";3026.0
351.0;95.0;313.0;en;0.0;"Zakynthos, Greece";1DA1F2;C0DEED;"Pacific Time (US & Canada)";117.0
11698.0;98627.0;388.0;en;906.0;"Brooklyn, of course! ";1DA1F2;C0DEED;"Atlantic Time (Canada)";1747.0
54468.0;368.0;278.0;en-gb;4.0;Liverpool-UK;990000.0;0.0;London;1235.0
9237.0;885.0;1831.0;en;35.0;"Hollywood, Ca";2FC2EF;181A1E;"Pacific Time (US & Canada)";3036.0
4014.0;579.0;365.0;en;30.0;"Streatham Hill London SW2";1DA1F2;C0DEED;Europe/London;2023.0
427.0;118.0;142.0;en;3.0;TX;9266CC;FFFFFF;"Central Time (US & Canada)";1768.0
8674.0;298.0;242.0;en;7.0;"konoha, CA";B30009;0.0;"Pacific Time (US & Canada)";2217.0
22557.0;2548.0;846.0;en;27.0;England,UK;0084B4;0.0;London;2339.0
13351.0;949.0;391.0;en;19.0;"Colorado, USA";F58EA8;0.0;Alaska;2716.0
21067.0;999.0;2414.0;en;19.0;"bali.. new york..";1DA1F2;C0DEED;Jakarta;1004.0
3975.0;813.0;1362.0;en;49.0;"Ellesmere Port";E81C4F;0.0;London;2419.0
529.0;106.0;88.0;en;0.0;"Ye Olde England";FA743E;0.0;"Central Time (US & Canada)";2153.0
29737.0;33166.0;1041.0;en;200.0;London;C9248F;0.0;London;2865.0
459.0;705.0;50.0;en;6.0;"Croydon, London";98AFC7;FFFFFF;London;2751.0
8759.0;8838.0;7203.0;es;77.0;"Asuncion - Paraguay";B30009;0.0;Hawaii;1654.0
238.0;311.0;375.0;en;27.0;"London, UK";9DDD95;A0EEF5;London;2974.0
65234.0;3304.0;4532.0;en;70.0;"North Yorkshire";1B95E0;C0DEED;London;1154.0
13795.0;38134.0;29378.0;en;186.0;"Cuckney, England";1B95E0;0.0;London;2564.0
1461.0;882.0;2181.0;en;32.0;"Wales, United Kingdom";1B95E0;0.0;London;1486.0
52293.0;563.0;2024.0;en;98.0;"Jamaica, New York";0084B4;0.0;"Atlantic Time (Canada)";2093.0
3498.0;1767.0;4952.0;en;122.0;"Northern CA";0099B9;5ED4DC;"Pacific Time (US & Canada)";2318.0
0.0;221.0;498.0;en;0.0;"Derry, NH";2FC2EF;181A1E;"Eastern Time (US & Canada)";3040.0
2707.0;3109.0;779.0;en;167.0;"Hollywood and Hollywood North";9999.0;EEEEEE;"Pacific Time (US & Canada)";2159.0
4506.0;958.0;1247.0;en;84.0;London;7FDBB6;FFFFFF;London;2807.0
23145.0;355.0;293.0;en-gb;43.0;"London, United Kingdom ";0084B4;FFFFFF;"Pacific Time (US & Canada)";1304.0
6549.0;270.0;604.0;en;1.0;"Harrison, AR";1DA1F2;C0DEED;"Central Time (US & Canada)";2092.0
133.0;3054.0;2471.0;es;387.0;"Bay Harbor Islands,  Florida";225C9B;FFFFFF;"Eastern Time (US & Canada)";2820.0
5809.0;351.0;194.0;en;11.0;"amy ash ellie daisy abbie";1DA1F2;C0DEED;"Pacific Time (US & Canada)";1518.0
36980.0;26807.0;26049.0;es;398.0;"Orem, UT";2FC2EF;181A1E;Madrid;1974.0
5076.0;887.0;1266.0;en;108.0;"Manchester UK";88253.0;D3D2CF;Europe/London;3029.0
81583.0;10242.0;9526.0;en;66.0;"Texas, USA";1DA1F2;C0DEED;"Pacific Time (US & Canada)";613.0
35465.0;423.0;366.0;en;8.0;"Atlanta, GA";0D264F;0.0;"Atlantic Time (Canada)";1467.0
22769.0;16848.0;8325.0;en;39.0;"New York";0.0;FFFFFF;"Eastern Time (US & Canada)";1778.0
1215.0;31.0;98.0;en;0.0;somewhere;91D2FA;181A1E;"Atlantic Time (Canada)";1938.0
773.0;99.0;566.0;en;2.0;"London, UK";607C94;FFFFFF;London;2272.0
896.0;55351.0;28646.0;en;221.0;"Cleveland/Columbus, OH";38543.0;FFFFFF;"Eastern Time (US & Canada)";3007.0
2054.0;84.0;127.0;pl;1.0;Polska;1DA1F2;C0DEED;"Pacific Time (US & Canada)";530.0
11799.0;6818.0;5959.0;en;37.0;"2/5 Jano | Ariana x3 ";734ABF;FFFFFF;London;1910.0
1973.0;134.0;271.0;pt;1.0;"Estadio da luz";FF691F;0.0;"Pacific Time (US & Canada)";750.0
9789.0;3971.0;3207.0;en;171.0;"N. Andover, Massachusetts";0084B4;C0DEED;"Atlantic Time (Canada)";2889.0
160.0;277.0;113.0;pt;2.0;Angola;1DA1F2;C0DEED;"Pacific Time (US & Canada)";379.0
1411.0;7461.0;2444.0;en;90.0;"Newcastle Upon Tyne";0084B4;FFFFFF;Hawaii;1741.0
350.0;300.0;465.0;en;6.0;Manchester;1F98C7;C6E2EE;London;2808.0
3862.0;357.0;731.0;en;32.0;"North Carolina, USA";2FC2EF;181A1E;"Eastern Time (US & Canada)";2423.0
6330.0;20655.0;12728.0;en;95.0;"Here and there";1B95E0;FFFFFF;Amsterdam;2348.0
18.0;20506.0;834.0;en;350.0;"LONDON a great world city";1DA1F2;C0DEED;London;2383.0
2.0;78.0;31.0;de;9.0;Berlin;1DA1F2;C0DEED;Greenland;2819.0
